Dealer Name,StoreID,URL
Audi Westmont,2831,https://www.audiwestmont.com/
Laurel BMW of Westmont,2832,https://www.laurelbmw.com/
AutoNation Honda O'Hare,2138,https://www.autonationhondaohare.com/
AutoNation Hyundai O'Hare,2139,https://www.autonationhyundaiohare.com/
AutoNation Dodge Ram Arapahoe,2101,https://www.autonationdodgeramarapahoe.com/
AutoNation Ford Arapahoe,2719,https://www.autonationfordarapahoe.com/
AutoNation Chrysler Jeep Arapahoe,2169,https://www.autonationchryslerjeeparapahoe.com/
AutoNation Chevrolet North,2398,https://www.autonationchevroletnorth.com/
AutoNation Buick GMC Park Meadows,2106,https://www.autonationbuickgmcparkmeadows.com/
AutoNation Honda 104,2220,https://www.autonationhonda104.com/
AutoNation Dodge Ram Broadway,2861,https://www.autonationdodgerambroadway.com/
AutoNation Chrysler Jeep Broadway,2100,https://www.autonationchryslerjeepbroadway.com/
AutoNation Ford Littleton,2233,https://www.autonationfordlittleton.com/
AutoNation Dodge Ram Colorado Springs,2862,https://www.autonationdodgeramcoloradosprings.com/
AutoNation Chrysler Dodge Jeep Ram Southwest,2400,https://www.autonationchryslerdodgejeepramsouthwest.com/
AutoNation Chrysler Jeep West,2102,https://www.autonationchryslerjeepwest.com/
AutoNation Buick GMC West,2105,https://www.autonationbuickgmcwest.com/
AutoNation Acura Colorado Springs,2864,https://www.autonationacuracoloradosprings.com/
AutoNation Chevrolet Amarillo,2066,https://www.autonationchevroletamarillo.com/
AutoNation Chrysler Dodge Jeep Ram Cañon City,2863,https://www.autonationchryslerdodgejeepramcanoncity.com/
AutoNation Chevrolet Cadillac West Amarillo,2068,https://www.autonationchevroletcadillacwestamarillo.com/
AutoNation Honda Covington Pike,2468,https://www.autonationhondacovingtonpike.com/
AutoNation Ford Wolfchase,2363,https://www.autonationfordwolfchase.com/
AutoNation Ford Memphis,2472,https://www.autonationfordmemphis.com/
AutoNation GMC Mendenhall,2471,https://www.autonationgmcmendenhall.com/
AutoNation Honda 385,2467,https://www.autonationhonda385.com/
AutoNation Ford Frisco,2373,https://www.autonationfordfrisco.com/
Audi Plano,2116,https://www.audiplano.com/
AutoNation Honda Lewisville,2381,https://www.autonationhondalewisville.com/
AutoNation Chrysler Dodge Jeep Ram North Fort Worth,2322,https://www.autonationchryslerdodgejeepramnorthfortworth.com/
BMW of Dallas,2382,https://www.bmwofdallas.com/
MINI of Dallas,2382,https://www.miniofdallas.com/
AutoNation Chevrolet North Richland Hills,2494,https://www.autonationchevroletnorthrichlandhills.com/
AutoNation Chrysler Dodge Jeep Ram North Richland Hills,2336,https://www.autonationchryslerdodgejeepramnorthrichlandhills.com/
AutoNation Hyundai North Richland Hills,2328,https://www.autonationhyundainorthrichlandhills.com/
AutoNation Ford Arlington,2843,https://www.autonationfordarlington.com/
AutoNation Ford South Fort Worth,2846,https://www.autonationfordsouthfortworth.com/
AutoNation Ford Fort Worth,2491,https://www.autonationfordfortworth.com/
AutoNation Ford Burleson,2844,https://www.autonationfordburleson.com/
Autonation Chevrolet Waco,2343,https://www.autonationchevroletwaco.com/
BMW of The Woodlands,2848,https://www.bmwofthewoodlands.com/
AutoNation Chrysler Dodge Jeep Ram Spring,2166,https://www.autonationchryslerdodgejeepramspring.com/
BMW of Houston North,2516,https://www.bmwofhoustonnorth.com/
AutoNation Ford Katy,2500,https://www.autonationfordkaty.com/
AutoNation Chrysler Dodge Jeep Ram Katy,2386,https://www.autonationchryslerdodgejeepramkaty.com/
AutoNation Chrysler Dodge Jeep Ram Houston,2347,https://www.autonationchryslerdodgejeepramhouston.com/
AutoNation Ford Gulf Freeway,2510,https://www.autonationfordgulffreeway.com/
AutoNation Honda Thornton Road,2489,https://www.autonationhondathorntonroad.com/
AutoNation Chevrolet Gulf Freeway,2514,https://www.autonationchevroletgulffreeway.com/
AutoNation Acura Gulf Freeway,2512,https://www.autonationacuragulffreeway.com/
AutoNation Hyundai Mall of Georgia,2282,https://www.autonationhyundaimallofgeorgia.com/
AutoNation Ford Mobile,2477,https://www.autonationfordmobile.com/
AutoNation Honda at Bel Air Mall,2478,https://www.autonationhondaatbelairmall.com/
AutoNation Chrysler Dodge Jeep Ram Columbus,2249,https://www.autonationchryslerdodgejeepramcolumbus.com/
AutoNation Honda Columbus,2289,https://www.autonationhondacolumbus.com/
AutoNation Hyundai Columbus,2255,https://www.autonationhyundaicolumbus.com/
AutoNation Chrysler Dodge Jeep Ram South Columbus,2278,https://www.autonationchryslerdodgejeepramsouthcolumbus.com/
AutoNation Chevrolet North Corpus Christi,2324,https://www.autonationchevroletnorthcorpuschristi.com/
AutoNation Ford Corpus Christi,2518,https://www.autonationfordcorpuschristi.com/
AutoNation Buick GMC Corpus Christi,2520,https://www.autonationbuickgmccorpuschristi.com/
AutoNation Chevrolet Cadillac South Corpus Christi,2497,https://www.autonationchevroletcadillacsouthcorpuschristi.com/
AutoNation Hyundai Corpus Christi,2059,https://www.autonationhyundaicorpuschristi.com/
AutoNation Honda South Corpus Christi,2519,https://www.autonationhondasouthcorpuschristi.com/
AutoNation Hyundai Columbia,2823,https://www.autonationhyundaicolumbia.com/
AutoNation Ford Panama City,2532,https://www.autonationfordpanamacity.com/
AutoNation Honda Dulles,2837,https://www.autonationhondadulles.com/
BMW of Rockville,2774,https://www.bmwrockville.com/
AutoNation Chevrolet Laurel,2764,https://www.autonationchevroletlaurel.com/
AutoNation Buick GMC Laurel,2762,https://www.autonationbuickgmclaurel.com/
AutoNation Ford Scottsdale,2179,https://www.autonationfordscottsdale.com/
AutoNation Chevrolet Mesa,2603,https://www.autonationchevroletmesa.com/
AutoNation Acura Hunt Valley,2771,https://www.autonationacurahuntvalley.com/
Audi Hunt Valley,2711,https://www.audihuntvalley.com/
AutoNation Chevrolet Timonium,2765,https://www.autonationchevrolettimonium.com/
BMW of Towson,2776,https://www.bmwoftowson.com/
AutoNation Chevrolet Gilbert,2600,https://www.autonationchevroletgilbert.com/
AutoNation Honda Chandler,2157,https://www.autonationhondachandler.com/
AutoNation Chrysler Dodge Jeep Ram North Phoenix,2120,https://www.autonationchryslerdodgejeepramnorthphoenix.com/
AutoNation Hyundai Hilton Head,2818,https://www.autonationhyundaihiltonhead.com/
Audi Hilton Head,2816,https://www.audihiltonhead.com/
AutoNation Chrysler Dodge Jeep Ram Hilton Head,2817,https://www.autonationchryslerdodgejeepramhiltonhead.com/
AutoNation Hyundai Tempe,2167,https://www.autonationhyundaitempe.com/
BMW of Bel Air,2773,https://www.bmwbelair.com/
AutoNation Honda Tucson Auto Mall,2466,https://www.autonationhondatucsonautomall.com/
Audi Arrowhead,2689,https://www.audiarrowhead.com/
BMW of Tucson,2464,https://www.bmwoftucson.com/
AutoNation Chevrolet Arrowhead,2183,https://www.autonationchevroletarrowhead.com/
AutoNation Hyundai Savannah,2821,https://www.autonationhyundaisavannah.com/
BMW of Henderson,2072,https://www.bmwhenderson.com/
AutoNation Buick GMC Henderson,2042,https://www.autonationbuickgmchenderson.com/
AutoNation Honda East Las Vegas,2075,https://www.autonationhondaeastlasvegas.com/
Audi Las Vegas,2079,https://www.audilasvegas.com/
AutoNation Buick GMC West Sahara,2040,https://www.autonationbuickgmcwestsahara.com/
BMW of Las Vegas,2074,https://www.bmwvegas.com/
AutoNation Ford Lincoln Orange Park,2285,https://www.autonationfordlincolnorangepark.com/
AutoNation Ford Jacksonville,2860,https://www.autonationfordjacksonville.com/
Aston Martin Summit,2624,https://www.astonmartinsummit.com/
Audi Volkswagen Spokane,2413,https://www.audivwspokane.com/
AutoNation Chevrolet Spokane Valley,2410,https://www.autonationchevroletspokanevalley.com/
AutoNation Acura Spokane Valley,2409,https://www.autonationacuraspokanevalley.com/
AutoNation Honda Spokane Valley,2408,https://www.autonationhondaspokanevalley.com/
AutoNation Honda Clearwater,2420,https://www.autonationhondaclearwater.com/
AutoNation Chevrolet South Clearwater,2060,https://www.autonationchevroletsouthclearwater.com/
AutoNation Ford Sanford,2538,https://www.autonationfordsanford.com/
AutoNation Honda Sanford,2230,https://www.autonationhondasanford.com/
AutoNation Acura North Orlando,2549,https://www.autonationacuranorthorlando.com/
AutoNation Ford St. Petersburg,2150,https://www.autonationfordstpetersburg.com/
AutoNation Chevrolet West Colonial,2533,https://www.autonationchevroletwestcolonial.com/
Audi South Orlando,2134,https://www.audisouthorlando.com/
AutoNation Chevrolet Airport,2530,https://www.autonationchevroletairport.com/
AutoNation Ford Bradenton,2539,https://www.autonationfordbradenton.com/
BMW Carlsbad,2080,https://www.bmwcarlsbad.com/
AutoNation Hyundai Carlsbad,2634,https://www.autonationhyundaicarlsbad.com/
AutoNation Chrysler Dodge Jeep Ram Carlsbad,2632,https://www.autonationchryslerdodgejeepramcarlsbad.com/
AutoNation Ford Tustin,2680,https://www.autonationfordtustin.com/
BMW of Buena Park,2745,https://www.bmwofbuena-park.com/
AutoNation Honda Costa Mesa,2443,https://www.autonationhondacostamesa.com/
Porsche Bentley Newport Beach,2445,https://www.porschebentleynewportbeach.com/
Valencia BMW,2695,https://www.valenciabmw.com/
AutoNation Honda Valencia,2691,https://www.autonationhondavalencia.com/
AutoNation Chevrolet Valencia,2690,https://www.autonationchevroletvalencia.com/
AutoNation Chrysler Dodge Jeep Ram Valencia,2865,https://www.autonationchryslerdodgejeepramvalencia.com/
AutoNation Ford Valencia,2121,https://www.autonationfordvalencia.com/
AutoNation Hyundai Valencia,2608,https://www.autonationhyundaivalencia.com/
AutoNation Acura South Bay,2589,https://www.autonationacurasouthbay.com/
AutoNation Ford Torrance,2585,https://www.autonationfordtorrance.com/
BMW of Roseville,2085,https://www.bmwroseville.com/
AutoNation Honda Roseville,2676,https://www.autonationhondaroseville.com/
AutoNation Chrysler Dodge Jeep Ram Roseville,2671,https://www.autonationchryslerdodgejeepramroseville.com/
AutoNation Cadillac West Palm Beach,2348,https://www.autonationcadillacwestpalmbeach.com/
AutoNation Chevrolet Greenacres,2140,https://www.autonationchevroletgreenacres.com/
AutoNation Honda Renton,2186,https://www.autonationhondarenton.com/
Audi Bellevue,2946,https://www.audibellevue.com/
BMW of Bellevue,2055,https://www.bmwbellevue.com/
AutoNation Ford Bellevue,2209,https://www.autonationfordbellevue.com/
BMW of Delray Beach,2947,https://www.bmwdelraybeach.com/
AutoNation Ford Margate,2130,https://www.autonationfordmargate.com/
AutoNation Chrysler Dodge Jeep Ram Pembroke Pines,2940,https://www.autonationchryslerdodgejeeprampembrokepines.com/
AutoNation Chevrolet Pembroke Pines,2269,https://www.autonationchevroletpembrokepines.com/
AutoNation Honda Hollywood,2045,https://www.autonationhondahollywood.com/
AutoNation Honda Miami Lakes,2330,https://www.autonationhondamiamilakes.com/
AutoNation Ford Miami,2335,https://www.autonationfordmiami.com/
AutoNation Chevrolet Doral,2334,https://www.autonationchevroletofdoral.com/
AutoNation Chevrolet Coral Gables,2461,https://www.autonationchevroletcoralgables.com/
BMW of Fremont,2740,https://www.bmwfremont.com/
AutoNation Honda Fremont,2673,https://www.autonationhondafremont.com/
AutoNation Acura Stevens Creek,2674,https://www.autonationacurastevenscreek.com/
BMW of Mountain View,2210,https://www.bmwofmountainview.com/
Mercedes-Benz of Naperville,2836,https://www.mbofnaperville.com/
Mercedes-Benz of Westmont,2834,https://www.mbwestmont.com/
AutoNation Toyota Libertyville,2280,https://www.autonationtoyotalibertyville.com/
AutoNation Dodge Ram Arapahoe,2101,https://www.autonationdodgeramarapahoe.com/
AutoNation Toyota Arapahoe,2219,https://www.autonationtoyotaarapahoe.com/
AutoNation Mazda Arapahoe,2720,https://www.autonationmazdaarapahoe.com/
AutoNation Subaru Arapahoe,2108,https://www.autonationsubaruarapahoe.com/
AutoNation Chrysler Jeep Arapahoe,2169,https://www.autonationchryslerjeeparapahoe.com/
AutoNation Dodge Ram Broadway,2861,https://www.autonationdodgerambroadway.com/
AutoNation Chrysler Jeep Broadway,2100,https://www.autonationchryslerjeepbroadway.com/
AutoNation Dodge Ram Colorado Springs,2862,https://www.autonationdodgeramcoloradosprings.com/
AutoNation Chrysler Dodge Jeep Ram Southwest,2400,https://www.autonationchryslerdodgejeepramsouthwest.com/
AutoNation Subaru West,2107,https://www.autonationsubaruwest.com/
AutoNation Chrysler Jeep West,2102,https://www.autonationchryslerjeepwest.com/
AutoNation Chrysler Dodge Jeep Ram Cañon City,2863,https://www.autonationchryslerdodgejeepramcanoncity.com/
AutoNation Ford Wolfchase,2363,https://www.autonationfordwolfchase.com/
AutoNation Nissan Memphis,2222,https://www.autonationnissanmemphis.com/
Porsche Plano,2164,https://www.porscheplano.com/
AutoNation Chrysler Dodge Jeep Ram North Fort Worth,2322,https://www.autonationchryslerdodgejeepramnorthfortworth.com/
BMW of Dallas,2382,https://www.bmwofdallas.com/
MINI of Dallas,2382,https://www.miniofdallas.com/
AutoNation Chrysler Dodge Jeep Ram North Richland Hills,2336,https://www.autonationchryslerdodgejeepramnorthrichlandhills.com/
Mercedes-Benz of Waco,2295,https://www.mbofwaco.com/
MINI of The Woodlands,2397,https://www.miniofthewoodlands.com/
AutoNation Toyota South Austin,2571,https://www.autonationtoyotasouthaustin.com/
AutoNation Chrysler Dodge Jeep Ram Spring,2166,https://www.autonationchryslerdodgejeepramspring.com/
Mercedes-Benz of Houston North,2521,https://www.mbofhoustonnorth.com/
Jaguar Land Rover West Houston,2611,https://www.jaguarlandroverwesthouston.com/
AutoNation Chrysler Dodge Jeep Ram Katy,2386,https://www.autonationchryslerdodgejeepramkaty.com/
Mercedes-Benz of Houston Greenway,2522,https://www.mbgreenway.com/
AutoNation Chrysler Dodge Jeep Ram Houston,2347,https://www.autonationchryslerdodgejeepramhouston.com/
Mercedes-Benz of Marietta,2168,https://www.mbmarietta.com/
AutoNation Toyota Gulf Freeway,2507,https://www.autonationtoyotagulffreeway.com/
AutoNation Toyota Thornton Road,2224,https://www.autonationtoyotathorntonroad.com/
AutoNation Volkswagen Mall of Georgia,2323,https://www.autonationvolkswagenmallofgeorgia.com/
AutoNation Toyota Mall of Georgia,2281,https://www.autonationtoyotamallofgeorgia.com/
AutoNation Chrysler Dodge Jeep Ram Columbus,2249,https://www.autonationchryslerdodgejeepramcolumbus.com/
AutoNation Volkswagen Columbus,2293,https://www.autonationvolkswagencolumbus.com/
AutoNation Chrysler Dodge Jeep Ram South Columbus,2278,https://www.autonationchryslerdodgejeepramsouthcolumbus.com/
AutoNation Ford Corpus Christi,2518,https://www.autonationfordcorpuschristi.com/
AutoNation Toyota Corpus Christi,2498,https://www.autonationtoyotacorpuschristi.com/
AutoNation Toyota Leesburg,2838,https://www.autonationtoyotaleesburg.com/
Land Rover Bethesda/ Jaguar Bethesda Authorized Service,2559,https://www.landroverbethesda.com/
AutoNation Subaru Scottsdale,2063,https://www.autonationsubaruscottsdale.com/
Porsche Hunt Valley,2786,https://www.porschehuntvalley.com/
Land Rover Hunt Valley,2778,https://www.landroverhuntvalley.com/
Mercedes-Benz of Hunt Valley,2111,https://www.mbhuntvalley.com/
AutoNation Subaru Hunt Valley,2744,https://www.autonationsubaruhuntvalley.com/
MINI of Towson,2784,https://www.minitowson.com/
AutoNation Nissan Chandler,2602,https://www.autonationnissanchandler.com/
AutoNation Chrysler Dodge Jeep Ram North Phoenix,2120,https://www.autonationchryslerdodgejeepramnorthphoenix.com/
AutoNation Volkswagen Hilton Head,2819,https://www.autonationvolkswagenhiltonhead.com/
Porsche Hilton Head,2815,https://www.porschehiltonhead.com/
AutoNation Subaru Hilton Head,2814,https://www.autonationsubaruhiltonhead.com/
Land Rover Hilton Head/ Jaguar Hilton Head Authorized Service,2813,https://www.landroverhiltonhead.com/
AutoNation Chrysler Dodge Jeep Ram Hilton Head,2817,https://www.autonationchryslerdodgejeepramhiltonhead.com/
AutoNation Nissan Tempe,2601,https://www.autonationnissantempe.com/
AutoNation Toyota Tempe,2195,https://www.autonationtoyotatempe.com/
AutoNation Volkswagen Savannah,2820,https://www.autonationvolkswagensavannah.com/
MINI of Las Vegas,2174,https://www.minilasvegas.com/
AutoNation Nissan Las Vegas,2071,https://www.autonationnissanlasvegas.com/
AutoNation Toyota Las Vegas,2070,https://www.autonationtoyotalasvegas.com/
AutoNation Volkswagen Las Vegas,2073,https://www.autonationvolkswagenlasvegas.com/
AutoNation Ford Lincoln Orange Park,2285,https://www.autonationfordlincolnorangepark.com/
Audi Volkswagen Spokane,2413,https://www.audivwspokane.com/
AutoNation Subaru Spokane Valley,2412,https://www.autonationsubaruspokanevalley.com/
AutoNation Toyota Spokane Valley,2411,https://www.autonationtoyotaspokanevalley.com/
Land Rover Jaguar Spokane,2321,https://www.landroverjaguarspokane.com/
Jaguar Land Rover White Plains,2779,https://www.jaguarwhiteplains.com/
Land Rover New Rochelle,2855,https://www.landrovernewrochelle.com/
Land Rover Mt Kisco,2899,https://www.landrovermtkisco.com/
Lexus of Clearwater,2341,https://www.lexusofclearwater.com/
AutoNation Lincoln Clearwater,2151,https://www.autonationlincolnclearwater.com/
Mercedes-Benz of Wesley Chapel,2159,https://www.mbwesleychapel.com/
Lexus of Tampa Bay,2340,https://www.lexusoftampabay.com/
Mercedes-Benz of North Orlando,2115,https://www.mbofnorthorlando.com/
AutoNation Toyota Pinellas Park,2485,https://www.autonationtoyotapinellaspark.com/
Porsche Orlando,2871,https://www.porscheorlando.com/
Mercedes-Benz of Orlando,2870,https://www.mboforlando.com/
AutoNation Toyota Winter Park,2231,https://www.autonationtoyotawinterpark.com/
Mercedes-Benz of Sarasota,2872,https://www.mbofsarasota.com/
Mercedes-Benz of Reno,2185,https://www.mbofreno.com/
AutoNation Toyota Fort Myers,2125,https://www.autonationtoyotafortmyers.com/
AutoNation Mazda Carlsbad,2637,https://www.autonationmazdacarlsbad.com/
AutoNation Volkswagen Carlsbad,2639,https://www.autonationvolkswagencarlsbad.com/
AutoNation Chrysler Dodge Jeep Ram Carlsbad,2632,https://www.autonationchryslerdodgejeepramcarlsbad.com/
AutoNation Subaru Carlsbad,2638,https://www.autonationsubaru carlsbad.com/
Porsche Irvine,2751,https://www.porscheirvine.com/
AutoNation Toyota Irvine,2561,https://www.autonationtoyotairvine.com/
AutoNation INFINITI Tustin,2682,https://www.autonationinfinititustin.com/
House of Imports,2605,https://www.houseofimports.com/
AutoNation Toyota Buena Park,2563,https://www.autonationtoyotabuenapark.com/
Land Rover South Bay/ Jaguar South Bay Authorized Service,2441,https://www.landroversouthbay.com/
Mercedes-Benz of South Bay,2440,https://www.mbofsouthbay.com/
Jaguar Land Rover Woodland Hills,2692,https://www.jaguarlandroverwoodlandhills.com/
AutoNation Subaru Roseville,2801,https://www.autonationsubaruroseville.com/
AutoNation Chrysler Dodge Jeep Ram Roseville,2671,https://www.autonationchryslerdodgejeepramroseville.com/
Lexus of Palm Beach,2945,https://www.lexusofpalmbeach.com/
Mercedes-Benz of Bellevue,2922,https://www.mbofbellevue.com/
Porsche Bellevue,2935,https://www.porschebellevue.com/
Mercedes-Benz of Delray,2087,https://www.mbdelray.com/
Mercedes-Benz of Coconut Creek,2123,https://www.mbcoconutcreek.com/
Jaguar Land Rover Fort Lauderdale,2054,https://www.jaguarlandroverfortlauderdale.com/
Mercedes-Benz of Pompano,2406,https://www.mbofpompano.com/
AutoNation Toyota Weston,2930,https://www.autonationtoyotaweston.com/
Mercedes-Benz of Pembroke Pines,2590,https://www.mbofpembrokepines.com/
AutoNation Chrysler Dodge Jeep Ram Pembroke Pines,2940,https://www.autonationchryslerdodgejeeprampembrokepines.com/
Mercedes-Benz of Fort Lauderdale,2165,https://www.mboffortlauderdale.com/
AutoNation Nissan Pembroke Pines,2416,https://www.autonationnissanpembrokepines.com/
Mercedes-Benz of Miami,2370,https://www.mbmiami.com/
AutoNation Nissan Miami,2890,https://www.autonationnissanmiami.com/
Mercedes-Benz of San Jose,2199,https://www.mbofsj.com/
AutoNation Toyota Hayward,2675,https://www.autonationtoyotahayward.com/
MINI of Stevens Creek,2110,https://www.ministevenscreek.com/
Mercedes-Benz of Stevens Creek,2047,https://www.mbofstevenscreek.com/
AutoNation Volvo Cars San Jose,2048,https://www.autonationvolvocarsanjose.com/
